NL;EN
Tranen, pijn, letsels en vertwijfeling Sorry, ik zag het niet, ik was het niet, ik wist het niet;Tears, pain, hurt, and doubt Sorry, didn't see, wasn't me, didn't know
we trokken door de weiden;we passed through the meadows
honderden levens met een schot;hundreds of lives with a shot
de oorlog is voorbij de soldaat;the war is over the soldier
De bommen vielen op hun plaats.;The bombs landed in their place.
ons lichaam ruikt onfrisser naar ons lichaam;of bodies, ours, and nothing
op sprong staat weg te gaan.;poised to leave once more.
van waarschijnlijke oneindigheid en de hoeves;of probable infinity and engulfed with distinction
Het ding zich uit een draad bevrijdt;The thing frees itself from the thread
nu ik mis,  als de wanner de aar, de laars in m’n aars &amp;now I miss, like the winnower the ear, the heel in my rear &amp,
het ogenblik ruilen voor zijn vaders horloge ?;trade the moment for one’s father’s watch –,
krult naar wat een hersenkwab;curls to what a cerebral lobe,
de rust begint binnen te dringen;the calm begins to sink in
De zon rukt op en tuimelt;The sun shoots up and falls,
De mensen: druk, wit, stemloos, achter glas.;The humans: busy, pale, mute, behind glass.
en dat dit einde, nu of nooit,;and that this end, now or never,
Ach mijn lief. En ik wist: morgen;Oh dear love. And I knew: tomorrow
oet zien mond. t Stroekje wer n boom;out of his mouth. The bush became a tree
maar boven het gerinkel uit klinkt;but above the chinking
wat mij raakt;what touches me
Dit gebeurt met veel gezever en getreuzel en gezeur,;Everything goes on with endless dawdling, yammering, nagging,
kan hij je zeggen (maar hij doet het niet):;he can tell you (but he doesn’t):
sur d’étranges oiseaux;on strange birds
de ochtend in roeien zonder geluid.;who row into the morning without a sound.
om naar te kijken;to look at
magneten kennen jullie als je die laat draaien in een spoel;you all know magnets when you let them turn in a coil
en 't lage beest dat danst op 't hooge beest;and the lowly beast that on the great beast dances
zich tussen jouw telefoongesprekken;succeed in coming between
Die ik roofde;Which I stole
hoog moesten reiken, zo leeg de horizon;must reach high, the horizon had emptied away –
lijf in brand: nog één zucht;body on fire: just one more sigh
dit is nog ons eigen lichaam;this is still our own body
Dit is de tijd van terechte verlossing;This is the era of just redemption
met twintigen zijt gij en meer,;twinty o ye, nae doot,
waar gaat de liefde naartoe als ze verdwijnt;where does love go to when she disappears
en vertrek uit mijn verleden tijd;and depart from my past time
wat lastig was;which was awkward
oogleden. Wie zegt heeft dat verre antwoord.;snipped off. Who says has that far-off answer.
uitgelichte braniekarkassen, onzelfinzichtig klaar;on the softish underbelly, unself-insightfully ready
die ik niet ken.;whom I do not know.
de discomuziek op de bergrug weg, blijft;away the disco music on the mountainside,
ter de tafel staat een lage bank, en er;the table is a low bench. There’s so
een met wit vlies bedekte ogen;eyes covered with white film –
"""Ik hou van jou."" Zij bracht mij naar haar elfengrot,";“I love thee true.” She took me to her elfin grot,
Alleen: omkeren naar zichzelf kan hij niet.;Only: return to himself he cannot.
De Grote Nul die zij gebleven is;The Great Nought it’s remained
één lesse, niet min nochte meer;the wan bit lear he selt us:
de zaak vergroten. Soms weet hij zich professor;of his eyes that enlarge the business.
ga drinken. Eenmaal thuisgekomen;I am about to drink. Back home
mijn ongegronde grote avontuur je weet het al want het is simpel;my groundless great adventure you know this already because it’s simple
oogcontact probeert te maken, hoe meer haar nagels;to make eye contact, the more her nails
geen zicht –;no visibility –
worden verhole' en ongenaakb're stralen;are inaccessible and secret rays
“Wij zijn ook altijd hetzelfde,” ant-;“We too are always the same,” answers
En ga mijn weg;And go on my way
uit het spectrum van blijdschap tot leed.;from the spectrum of happiness to suffering.
voor de spreiding van haar lokken;for the spreading of her locks
Morgen is de dag van de liedjes;Tomorrow is the day of the songs
Als een roestige speer schiet;Like a rusty spear a scream
aan lussen lage gordijnen, omwoners;on loops low curtains, neighbours
De volgende scan duurt vijf minuten;The following scan will last five minutes
er stopt een auto en ze stapt in.;a car stops and she steps inside.
Ik knielde en keek recht;I knelt and looked straight
De tover ligt al dagen op de loer;The magic has been on the prowl for days
zoals – ze is niet meer zo.;as – but she has changed.
Ik schilde een rode appel en zag het bleke;I peeled a red apple and saw the pale
Ze is hier alleen voor deze zondag;She’s here only for this Sunday
De sokkel is ook leeg. Ik zie een zoom;The plinth is empty, too. I glimpse a show
blote kont te kijken.;at God’s bare bum.
ik ben het, vader,;it’s me, father,
aan uw vorigen, uw volgenden.;with your exes, your futures.
tous les matins toujours pareils;all those mornings ever the same
van elke tijd. Adem, adem met mij door.;of each age. Breathe, breathe deeply with me.
mij vast te klampen aan noodzaak.;to latch on to necessity.
Hoor hoe koortsig zij hun naderend vergaan verklaren;Hear how feverishly they explain their imminent demise
een overrijpe bes, een te laat geplukte aardbei.;an over-ripe berry, a plum plucked too late.
ze kijkt mij nog steeds aan;she is still looking at me
nog als de nacht;when the night still
Alles hier behoort;It owns everything here
Jij kijkt, leunend op je ellenbogen, wijd open, glimlachend, blijf;You look, leaning on your elbows, wide open, smiling, keep
met zelfgemaakte limonade in een gladgestreken tuin;with home-made lemonade in a garden smoothed flat
en ik begon je borst;So I began to stroke
Het moet zijn eerste en zijn laatste poging zijn geweest.;It must have been his first and last attempt.
vechtend in de klaverhoning;fighting into the honey
verliep uiterst krampachtig.;came out extremely forced.
zich na tien, elf juiste voorspellingen te vergissen.;of being mistaken after ten, eleven correct forecasts.
de hoogte wenkte en klimmen was;the heights beckoned and climbing was
<pre>De ladder en de koorde 't stroo de gladde kilte;<pre>The ladder and the rope the straw the chilly smoothness
Laat je niet ontkleden houd al je gebeden, hoofdsteden;Do not let yourself be stripped hold on to all your prayers, capital cities
En jij ook, honderdjarige kapitein,;And so did you, hundred-year-old captain.
it leit in dei;it lies a day
een appel: een druif:;an apple: a grape:
Wie? Wie? Wie? Wie?;Who? Who? Who? Who?
opzijvallend hoofd in die kamer met de houten vloer;head falling to one side in that room with the wooden floor
het maaiveld kraait geen haan, nooit meer ontledigt zich;ground level cries no cock, never again is empty like it is
Men speelt daar harp op blote voeten,;play the harp there barefoot, and do not stroke
Waar ik verdwaasd mijn leven overdacht:;Where dazedly I’ve thought about my past:
Zijn weet niet half hoezeer ik haar bezit;She has no clue how fully she is mine
Zij is namelijk de werkelijkheid zelf.;For she is actually reality itself.
het kan zijn dat deze omgeving al vaker;it may be that these surroundings have
hoef ik dat niet te zeggen. Dan weten jullie dat al.;there’s no need for me to say it. You know this already.
van veel te dichtbij nu;from far too close now
een ander baarmoederdonker. Wat moesten ze nog;another uterine darkness. What did they need
Sinds je spreekt en al mijn woorden naar me terugwerpt;Since you’ve spoken and thrown my words back at me
ditmaal maar richt zich glunderend uit zijn ligstoel op,;Dad doesn’t swear but rises beaming from his deck chair,
als ze zijn van lange vluchten).;as they are from long flights).
Die Leelijkheid in steden en in dorpen;Which Ugliness spawned on this shore
Hand en heup dragen zich te barsten en hoe;Hand and hip bear their full weight and how
te oud en te ziek om dit te kunnen.;too old and too ill, I cannot do this.
daar gaat in een bootje mijn vader te water;see how my father sets out on the water in a small boat
die gevuld wordt met een grijze massa;filled with a grey mass
sterfelijk en ijdel. Ik sta uit mijn mond te bloeden.;mortal and futile. My mouth is bleeding.
ja, in de maat van deze vertrekken.;yes, to the measure of these rooms.
laat mij alleen, strooi in mijn ogen;leave me alone, don’t throw sand in
De vogel heet eigenlijk Bubo bubo, wat volgens kenners;The bird’s real name is Bubo bubo, which experts say
1 Noodgang;1 Break-neck speed
over de brug van taal die anderzijds niet is;across the bridge of words that knows no other side
nog vroeg met grijze hemel achter lege takken;still early with grey sky beyond bare branches
Er was een reportage;There was a report
we eerst onze geschillen terzijde moeten zetten;we must first put our differences aside
gewarige oren, poten strak.;paws extended, ears open wide.
oeverloze dat komen gaat;boundlessness to come
legt zich het ei;the egg gets laid
als een fluwelen boor een hemelse materie binnen.;like a velvet drill in heavenly matter.
die parken verbindt met bomen,;that connects parks to trees,
in die buurt moest je wezen;that’s where you had to be
en een fles wijn uit Portugal;and a bottle of wine from Portugal
"<p align=""center"">Hier geen Natureingang.";"<p align=""center"">Here no Natureingang."
omdat je iets weet,;because you know something
Voor de eigen haard gevoelde ik nooit een zwak,;No love of home preoccupied my mind,
Tusken de blauwe kust;Between the blue coast in
NSB’ers gecast.;casting local Nazis.
En weggaan is niet makkelijk;and leaving's not easy -
Het hoefde alleen maar gevonden te worden.;It just needed finding, that was all.
Lente's ontwaken is daar;Spring's dawn has come
door het spartelende, het vallende, het tedere, het misselijke;through the grabbling, the falling, the tender, the nauseous
die weten zelf hun eigen namen niet.;the trees don’t know their own names either.
Het meegestoomde papiertje in je jaszak.;The dry-cleaned piece of paper in your coat pocket.
Op de aaneengeschoven tafels;On the pushed-together tables
uw handen van lotusblaren;your hands like lotus petals
een ondergewaardeerde vorm van liefde is.;is an underrated form of love.
voor de zuivere minnaar bestaat geen verschil;the true lover admits no difference
ogen te kort, zien we tientallen, honderden vingertoppen van de man;our eyes are popping out of our heads, we see dozens, hundreds of fingertips
als mag ze luisteren naar het ontstaan;as if she may listen to the coming of age
niet mededelen wat je denkt;unsharing of thoughts
en jij brak en verscheurde mij niet;and you did not break or tear me apart
Ik leef tussen vervalsingen. Wellicht ben ik de enige naakte,;I am living amongst forgeries. Perhaps I am the only one naked,
tussen je handen;between your hands
Tot ver voorbij de Zuidas strekte zich;The water stretched far beyond the Ring,
In de gesel van die zonnetekens waartoe ik behoor.;In the scourge of those sun-signs where I belong.
Brulez, Gijsen, Snoek, Kemp en Westerlinck ook, en nu Walschap;Brulez, Gijsen, Snoek, Kemp, and Westerlinck, and now Walschap
Hij zegt: het volgende gedicht;He says: this next poem
door louter teraardewerping, of nee, door;by sheer prostration – or no, by
Ik kan niet kiezen. Mijn vrienden willen mij niet helpen en mijn vijand;I can’t choose. My friends won’t help me and my enemy
van het beloofde land. Om 12 uur doofde;of the promised land. At 12 o’clock the light
maar ook de langste en de scherpste doorns,;but also the longest and sharpest thorns,
Een kus van de derde bracht schade toe;A kiss from the third caused sore hurt
half groen geblest, de hemelvaut;as deep below as heaven is high,
in takkenvuurtjes langs de bosrand;in brushfires by the forest’s edge
geen moeite te kosten, de magneet onder tafel onzichtbaar;effortlessly, the magnet under the table breathes
Nu ben je een vangnet waar niemand;Now you’re a safety net nobody
dat hij niets voorstelt dan;that all it represents
Of door het dreunen van de wolken;Or by the thunder of the clouds
Hoe lang al, onze geschiedenis wordt;How long by now, our story grows still
krekt meand krekt wiet;fresh mown just wet
brood wordt met een geur van;empty oven with the fragrance of a
voor zich wat hem verliest.;it will be lost by still before it.
alleen al dat onzegbare de luizen de hoeren en hoe;only all that unsayable the lice the whores and how
Elf man hangend naast hun lichaam.;Eleven men hanging beside their bodies.
die jungfrau von Orleans;die Jungfrau von Orleans
gaat ondraaglijk in mij;the purple whelk swells
Gelukkig maar.;Just as well, too.
de performance van een laisser-faire opvoeding;the performance of a laisser-faire upbringing
Dat is de beloofde luwte;That is the promised glade
Alles was der al.;Everything was already there.
ben door de ene mond naar binnen gekomen;came in through one mouth
Zie bij het water het spoor van de dichter;See by the water a trace of the poet
draaien. Ik haal mijn schouders op, jut het vuur op.;out of your stomach. I shrug my shoulders, stir up the fire.
De natiestaat is uitgekleed;The nation state has been disarticulated
maar hoe zacht, hoe zacht,;but how faint, how faint,
Zij heeft nog een week.;She’s got one week left.
Ik gaf mezelf toch helemaal aan de minne over!;I gave my all right from the start,
te zien vliegen. Liefste;your own soul flying. Dearest
Weinigen durven te spreken tegen de hemel,;Few dare to raise their voice against the heavens,
daar dan na je laatste adem in een stapel van exact jouw;will lie after your last breath in a pile exactly
nog maar moeilijk kwalijk kan;something that’s difficult
binnen. Donzig haast.;with a caress. Downy almost.
stierenogen bloedig in elk mens.;bull eyes leer deadly in every man.
Omdat ze onbeteugeld te keer gaan;Because they’re running wild
Luis voluit Luis Manuel.;Luis is short for Luis Manuel.
ik ben gemerkt, geslagen en gegeten;I have been marked, been hit, been eaten
omlaag, ondersteboven;going down, hanging off twigs
kruien de wolken;against the moon
dit ene artikel begrijpen wij niet.;this particular article we don’t understand.
Van mannen die hun liefde heet en vochtig houden;Of men who keep their love hot and moist
dan wordt het toch nog duurder;then it's even more expensive
in de nacht kwam mijn vader met een jas vol brandgeur;that night my father came home in a coat smelling of fire
zoals de vos de honden, het hert de jacht, de mens de zijnen.;such as the fox the dogs, the deer the hunt, man his peers.
proeft de letters niet.;fails to taste the letters.
die je lichaam ook anders, boven het publiek uit of ergens tussenin, laat het;also bear your body differently, out above the crowd or somewhere in between? Does it
ik ben het kwetsbaarste wezen op aarde.;I am the most vulnerable being on earth.
Ik wist: ik maak ze nu dan dus.;I knew: it seems I’m going to go ahead.
In den ouden koningstuin;In the former royal garden
mijn hart, het wankel fort aan het ravijn dat jij;my heart, the shaky stronghold at the ravine you are
komen ’t hart zijn honing roven.;and steal the honey from your heart.
Soms bootsen we vogeltrek na;Sometimes we mimic migrating birds
maar we leven in een wereld;but we live in a world
post, het handgeschrevene lekt;and will not close, handwriting’s run
en sloeg uw zwakke stafjes ga,;And touched thy tender stem
burgers van buiten bewoners aan grachten;citizens from without canalside dwellers
Andere voorvaderen wisten zich met de dood geen raad;Other forefathers were at a loss what to do with death
Neem eens aan dat wonderdadigheid bestaat;Accept for once that wonderworking exists
weldra zouden we slapen. Maar we sliepen niet,;soon we would be asleep. But we didn’t sleep,
Ons geneurie voor onze rusteloosheid Refrein We voelen uw hartslag op groene velden;Our croon to our restlessness Chorus We sense your heartbeat upon verdant fields
kruispunt je tergend vluchten voor mij uit:;you tantalisingly slip away from me:
Hij schrijft in stippels, in vlekken.;He writes in dots, in stains.
Iets zachts in de lucht zingt;Something soft in the air is singing
Dus rijden wij hem op grote wielen naar;So we convey him on great wheels to
Ik landde op een lelie en ging de bloemkelk binnen;I landed on a lily and entered the calyx
die zoiets veroorzaakt.;that causes this.
en ik klop het op de manen;and I pat its mane
Zomeravond op de velden;Summer’s evening is on the fields
Een hond met ijzeren ogen had mijn hand;A dog with iron eyes had clamped my hand
we waren kind, op lange zomeravonden;as children, on long summer evenings
- En, wat zien we?;- So, what do we see?
We leggen onze wapens neer;We lay down our arms
over de schubbenhuid van de daken uitkijken;look out over the scaly skin of roofs
mee. Gingen de volgende ochtend de berg op;ourselves. Climbed up the mountain next morning
Ik luister: een kloppend hart;I listen: a beating heart
Wie een gat vindt blazen wij terug in de leegte.;Those who find a hole are blown back
Houd dan vol, misschien;Please hang on perhaps
terecht maar goed;rightly so, but well
Iemand moest ernaar kijken en zeggen: wat is het;Someone had to look at it and say: what is it
ik moet mij;I have to
Dat zijn eierschaal ongeschonden is en in staat het geluk te bergen.;For the fact that his eggshell is intact and able to bear happiness.
as in bêd dat noch net op;like a bed you have to
Keek zoals een gordijn kijkt;Looked the way curtains look
naar de maan van Manakoora.’;for the moon of Manakoora.’
want horen en zien vergaan en niets blijft over;as hearing and seeing pass away and nothing is left
kittelend mijn orelellen,;softly tickling my ears from above,
En zevenendertig buskaartjes;And thirty-seven bus tickets
zonder neus;with no nose
en zag, één lege;and saw, an empty
maar de ruk van je schouder, kijk naar me, iemand,;but the jerk of your shoulder, look at me, someone,
opdat je net zo, doorheen dit toekomstige raam, je blik in iemands;so that you can, through this future window, let your eyes slide
Je pist in de hulpmiddelenpot, misleid;You piss in the resources pot, misled
do bist dy fûgel.;you are that bird.
klaarkomt, de aanstaande bruid die haar jawoord repeteert op het toilet.;the bride-to-be repeating her ‘I do’ while in the toilet.
bij het zien van de borsten, de aanzet;at the sight of breasts, the rudiments
in de branding. Het lied in de gitaar van;in the surf. The song in the guitar of
dolfijn in onze baai met haar staart naar me wuift – met de V;dolphin in our bay waves her tail at me – with the V
en alles wat allemaal heilig is.;and all that’s all holy.
Je hoort de leidingbuizen suizen;You hear water hissing in their pipes
Nee, ik voel een groengouden kever;No, I can sense a green-gold beetle
Uiteraard de maan mevrouw;Of course the moon, madam
Als Flora danst;When Flora dances
ruik naar zeep, vertel mij hoe;smell of soap, tell me how
maar allemaal blikken ze diep in de tijd terug;but all of them look deep back into time
tristement dans cette eau me trouble;into this water troubles me
hier zuchtte ik om de polder, viel ik;here's where I sighed for the open polder and fell against
Dat het bed van mij is en dat ik de stoelen;That the bed is mine and that I’m going to come
Want inzicht is ergens;is somehow a precondition for
Wie tekent bakent stilte af, bezweert de tijd,;He who draws demarcates a silence, charms time,
bij het licht van impotente kantoren.;by the light of impotent offices
Maar... uw leeftijd, zegt u, twintig?;But... what did you say your age was, twenty?
Het is heel helder om hem heen, alles is waargenomen.;The world around him is perfectly clear, everything has been observed.
een gesluierde kus?;a veiled kiss eat?
op zee ontbrak alleen zij, zo liet hij zich vroeger;she was the only thing missing, he let slip
waar je me kunt vinden.;where you can find me.
Te weinig handen. Denken. Water geven. Zien hoe de stammen;Where hands are not enough. Thinking. Watering the trees.
dring maar niet aan,;don’t be insistent,
niet zien en ik vraag me nog af hoe je;the water itself and I’m still wondering how you
om een boom om te hakken;to chop down a tree
recht is dat langdurig stand kan houden?;there’s no law that can last for long?
tegen elkaar aan, van elkaar weg,;against each other, away from each other,
wat ik zag of dacht;what I saw or thought
bugel en basson — o hop!;bugle and bassoon — 0 hop!
witte baard en bijna bloot op één ding na:;white beard and almost naked except for one thing:
uit een lekke kraan);(a drop from a
Zo storten twintig verdiepingen. Languit.;Twenty storeys plunge. Full length.
vouwen in;the dust jacket
Dat bevestigt het avontuur.;as the adventure will show.
Men is laat opgestaan, zomer hangt zwaar;One got up late, summer hangs heavily
door steeds dezelfde onzichtbare gek.;by the same invisible madman.
vanuit het idee dat iedereen kan;by assuming that everyone can
Parken te nat, hotels te vol, Parijs te ver.;Parks too wet, hotels too full, Paris too far.
Mijn menselijke natuur maakt zich ongestraft;My human nature makes itself unpunished
‘je’ in deze zin mij;this sentence is
Ik zet mij schrap tegen de railing,;I brace myself against the railings,
uit de gravitatie van het lichaam.;from the body’s gravitation.
de stad waar hij loopt van;the city where he walks from
knijpt zijn keel dicht, laat hem niet meer los.;takes him by the throat, doesn’t let go.
zegt niet hoe lang;say how long
drinkt eb vloed;ebb will drink flow
Een jonge vrouw gaf me er twee ter keuring in de hand;A young woman gave me two for sampling in my hand
en de teneur is juist;and the tone is right
Doe het snel;If you’re quick you’ll do well
Andermaal trekt hij een etmaal;Again he pulls up a whole day
Nu niets gezegd en paginaatje wit;Now nothing said and a page blank
maar die ik enkel heb begeerd:;but that I only craved:
Een röntgenfoto van de zon.;An x-ray of the sun.
Het krimpen van de stof &amp van de naad;The shrinking of the cloth &amp of the seam
ook waar duizend beelden;even where the thousand images
iedereen houdt de lippen;everyone keeps their lips
de kin vooruit;chin pushed forward
spoken door straten – sommige van ons wensen;haunting streets – some of us preferring our
Al die schetsen die hij naliet –;All those sketches he left behind –
Zo hebben wij bestaan,;This is how we have existed,
de regen en het dorp in. Wachtend gras;into the rain and the village. Waiting grass
aan zijn klauw.;on his claw.
Ontelbaar, licht zwevend in de schemer.;innumerable, floating gently in the gloaming.
en altijd is de zon me voor.;and the sun is as always ahead.
een waaier boven haar hoofd een deur zwenkt uit het donker;a fan over her head a door swings out of the dark
vliegt het andere? Thans is weerom;more flies than the other? Presently
Niet sentimenteel over haar hond,;Not sentimental about her dog,
‘Dus. Ga terug naar je ponywagen.’;"“So. Go back to your pony cart."""
diepgegraven zwarte zeeholen;deep-dug black sea caves
Het beeld van gisteren dat mij verblindt.;I’m once more blinded by that figure’s gaze.
Wees gegroet, schoonheid,;Hail thee, beauty,
Ik weet meer dan sommigen maar minder dan anderen denken.;I know more than some but less than others think.
van de stationaire wagen. Geen tien minuten later;of the waiting car. Not ten minutes later
heeft hij aan mijn vragen niet getornd.;he was not piqued by my questions.
boomtakken voor het raam er;tree branches crossed panes outside,
Ga door en help een ander;Go on and help another
het rilschrift van naalddunne takjes staan.;the shiver-script of pinsharp twigs.
– met Allerzielen vallen er meer –,;– All Souls’ Day takes more –
zichzelf te betrappen.;to catch itself in the act.
het zuigt zich vol aan wat we leeg;it absorbs into itself everything we thought
Hoe de man met de hoed het weer opschrijft;How the man with the hat reinscribes it
alles was m’ als doodzerken.;it all seemed like tombs for the dead.
dan schoonheid, onrust en slaap.;as beauty, restlessness and sleep.
van de minne smaakt.;discovering where true love rests.
Geen bloedende heilige;No bleeding saint
Gij loopt over 't spegelend water klaar,;Ye traivel owre the glessy watter
Waar is het varken?;Where is the pig?
heb ik ze in die koffers bewaard.;I kept them in the suitcases.
de tegels de voegen het zoeken;the tiles the joints weary of
En met de moed van een berggeit,;from a polish tin. And with the courage
in de lucht in de lucht;up on high, up on high
abrikoos, ik in mijn abrikoos;apricot, I my apricot,
met het zoeken, coördinaten wijzen hem zijn onzichtbare;with searching,  co-ordinates point him to his invisible
Paavo, de houtvlotter, uit Lappeenranta,;Paavo, the raftsman, from Lappeenranta,
‘Het goede deed hij slecht,;‘He did good very ill,
versnelden hun groei. En de mens zag dat het goed was.;and cows sped up their growth. And the man saw that it was good.
Want de wrede vreemden blijft onbekend;Never will those cruel strangers know
Mijn woord zal worden, mijn woord zal zijn:;My word shall become, my word shall be:
van de voorbije nacht;of the night before
de werkelijkheid is zo ver weg;reality is so far away
erger en zo veel doder.;worse and much more dead.
Maar de taal die ik ben staat mij niet toe;But the language that I am does not allow me
omdat jij er naar luisterde,;because you listened to it,
om haar dood gewaande zoon;for her son, whom she thought was dead
eigenlijk een kind wou hoeden;He wanted to keep a child
kantelt een auto snijdt het gedicht een keel door) en;a car overturns the poem slits a throat) and
Verf je lippen of laat ze zo.;Put lipstick on or leave it off.
Ik in Ithaka met gaten in mijn vel,;I in Ithaca with holes in my skin,
Jonge vrouw met gouden hoofddoek;Young woman with a gold headscarf
De dood is knecht;Death is slave
Lichtende kieren in de ademgang;fissures lifting in the paths of breath
de vreemdeling moet nog komen.;the stranger is still to come.
met wild bont hart bij;with wild gaudy heart
Ik hief mijn speer, deed een stap naar voren bleef zo staan.;I raised my spear, took a step forwards and froze.
dat voor de tweede keer deze week;that’s come to a standstill
waaruit de herademing spreekt;that will breathe in relief
en er is een weg;and there is a path
le chant d’un oiseau tué entre ses dents.);the song of a bird killed in her teeth.)
op de bodem. Ik hoor geen ambulances, rollende gordijnen,;at the bottom. I can hear neither ambulances, nor rolling curtains,
Dat vrije val wordt als het niet;That becomes free fall when
Maar als het kon wou ’k door woestijn en water;But if I could, I’d brave both sands and deeps,
en ben ik alleen met een luchtspiegeling;and I’m alone with a mirage
tot halve sinaasappel gevormd die zwaar op je knie drukt, heen en weer;forms half an orange which presses heavily upon your knee, back and forth
met het zoeken, coördinaten wijzen hem zijn onzichtbare;with searching, co-ordinates point him to his invisible
een andere status, maar evengoed;a different status, but nevertheless
jou, maar het kan niet zijn,;you, but it’s not to be,
van de omtrek van ieder van haar blaadjes;outline of every single petal
zijn dezelfde.;are the same.
in mij weegt;weighs in me
in de stad waar hij woont;in the city where he lives
voordoen, al past daar geen omgeving bij.;glory, although surroundings never fit.
Liefhebben werd het bewaren, het bewegen van woorden;Loving became preservation, the moving of words
zeezicht, strandvondst, wemelende meeuwen hangt;sea view, beach catch, somersaulting seagulls hangs
er in het begin iets geweest moet zijn;there must have begun something
dagelijks ongestoord kan spelen.;can play every day undisturbed.
misschien wil je sukkelstraat sukkelstraat, ja, spuw het maar uit.;perhaps do you want trailing lane trailing lane, yes, spit it out.
de geuren van geplozen touw en lood,;of teased-out twine and lead,
aan je vaders hand;while your father holds you by the hand
adressen van mogelijkheden, ik nam een lied;addresses of promise, I took with me a song
is niet te verzinnen, geen zin, alles;can’t be fancied, no notion, all’s
hoogachtend hou me vast;sincerely hold on to me
De dood is stuk;Death is hard
een soort van verbondenheid, huizen;a kind of connectedness, houses,
er loopt een pad door de woestijn;a path weaves through the desert
hoofd in de nek ogen gesloten gaan we op en neer;head in neck eyes shut we sway up and down
nu rijdt er langzaam een tram over;now a tram is slowly passing over
Nergens wind. Toch hield een man een vrouw;No breath of wind. And yet a man held a woman
vervult me met ontzag.;leaves me awe-struck.
Even gaf ik licht;For a short time I emitted light
Mijn ambtelijke stijl, mijn beschermende heilige geschriften,;My authoritative style, my shielding sacred scriptures,
uit verontwaardiging worden we plots;indignation brought us closer together
door de tijd zonder verraad was nooit;time was never
en de kou van de vloer kuste de pumps van olga;and the cold from the floor kissed olga’s flat shoes
onder zijn lichaam gevouwen, de neus tegen zijn staart. Kijk;are folded under its body, nose to its tail. Look
hoe de minne met minne mint,;and in love overflowing,
De dood is stik;Death is choke
en zonder enig voorbehoud;– but rather take
zout haar in een knot op haar kruin,;salty hair up on top of her head,
verandert wat ik niet vergeten moet;alters what I want to remember
der brak n schitternde zummer aan.;an endlessly beautiful summer arrived.
vroeg iemand naar een naam, in malle haast;if someone asked a name, you’d tell them lies,
Doe wat je Vader zegt,;Do what your Father says,
waar cijfers zich om buigen en kaders zich om sluiten;whom statistics speak of, who are in the frame.
zo engels mogelijk te strelen. En inderdaad;your breast, as Englishly as possible. And indeed
Er waren ouderen.;There were old folks.
pour éviter que la froidure;to avoid the cold weather
We moeten nu niet praten;Now isn’t the right time to talk
je er maar één hebt.;have one of.
boom die verstrekkend staat te branden;tree sweepingly ablaze in the window
Die gretig door elk gaatje gluren.;Who peer and pant through every chink?
ce qui fait courber leurs vertèbres;and that makes their backbones bend
een column op pagina twee in de krant,;a column on page two of the paper,
Wanden beginnen te drogen;Walls begin to dry out
Er was dat Lady Chatterley’s Lover aan de persoonlijke ervaring vanuit alle kanten bekeken zekere didactische genoegens kan bieden.;There was this that, seen from all angles, Lady Chatterley’s Lover can offer personal experience certain didactic pleasures.
H is voor hecht:;H is for homely:
Er staat geen wind, het is de zandgrond zelf;There’s no wind, it is the sandy ground itself
Om hun nietigheid, en ik was behulpzaam bij hun gezucht. Vaak heb ik de grote rotsen geplaagd;Of their smallness, and I helped them to sigh. Many times have I teased the great rocks
Maar nog slechts naar Frankrijk wijst.;but still points only to France.
De laatste gave der levenden aan de verstorvenen;I am the last gift of the living to the dead
met 't sterrengefemel.;with the stars’ wheedling cry.
Ik zou heel even in de auto kunnen gaan zitten.;I could go and sit in my car for a moment.
Dat elke maand uitzinnig wordt gevierd.;That every month wild partying’s arranged.
stoort het patroon met de precisie van de wanhoop.;disturbs the pattern with the precision of despair.
Of op rug.;Or on his back.
een hele dag;a whole day
in het eeuwige onkruid en wacht tot er tijd is;in the eternal weeds waiting for time
je huisdier handwarm.;your hamster, hand-hot.
na verloop van tijd. Soms;after a while. Sometimes
Nagepraat. Aanbeden. Stukgemaakt.;Parroted me. Adored. Left me kaputt.
of indien-als. In een kuip als een galjoenboot lang;or on condition. In a tub as long as a galleon
alsof wij de deur niet al veel eerder hadden gesloten.;like we hadn’t closed the door a long time before.
Zoete verzoende jacht, ruigharig hert;Honey kissed hunt, stouthearted hart
De dagen waarin je dood waren luttel en lang;The days in which you were dead were trifling and long
Terwijl mijn lief zich slapend;While my beloved, sleeping
Water heeft een blauwe staart;Water has a blue tail
tot waar ik zat, tot;to where I sat, to
is wat ik zie. Samen is wat ik denk.;togetherness. I think, togetherness.
Al verheugt je beminnen dat je bewegingloos.;your love rejoices that you motionless. Extremely
evolutionair gezien is dat raar want;in evolutionary terms that’s odd since
Hij heeft de hoeken van de metselaarshand.;He has the angles of a bricklayer’s hand.
om te veranderen in wie we zijn.;to transform into who we are.
die coltrui moet uit,;the polo neck must come off,
of nachtmerries kunnen verzamelen;or collect nightmares about
om nieuwe aanrakingen vooraf al te verdoven;pre-emptive anaesthesia for the sense of touch
Weach it wyt koraal fan ’e tosken bleatkryt nei stille;The white coral of your teeth to the coast, which silently
Ik heb gehoord dat minder verlangen helpt, maar zou meer verlangen mij niet hieruit kunnen redden,;I have heard that less desire helps, but wouldn’t more desire save me from this,
De juiste ligging had bepaald;And the border marked to a T
Het geblaf van honden;The barking of dogs
Mijn huid wordt er wit van;My skin turns white from it
dat was het wonder, dat het zich zo graag helemaal verloor.;that was the miracle, that it so wished to lose itself completely.
gedachteloos, betekenissen teken;your mind’s a blank, and meanings symbolise
die naar de smaak van ware minne streven.;find out what true love can impart.
op een verveeld station je krant vergeet, zoiets.;forget your paper on some weary station.
(Waar ik mijn neus wend ruikt ze;(Wherever I point my nose she smells
Verderop de laatste boerderijen;In the distance the last farms
(waar dat kasteel, dat vergezicht, die;that castle, panorama, fog, where was
Nooit is naakt genoeg de schaamte;Never is the shame naked enough
stil toen zij viel. Alles raast door.;when she fell. Everything races on.
zoals hij die het ondervonden heeft wel weet,;as the experienced will concede:
Deel met mij;sharing not just
Vannacht kwam ik mijn ouders tegen,;Last night I came across my parents,
Door zijn voorstanders;By her supporters
Het was een paardenrace van Degas;It showed a Degas horse race
– De ketel is gekuischt waar zwoele draffen brasten,;– The cauldron has been scoured where soggy swill once seethed,
Het zal met mij begraven worden.;It will be buried with me.
en voeten krijgen woord;your hands and feet word
Wie naar mij kijkt die ziet zichzelf.;Those who look at me see themselves.
zijn mond te sluiten. In het schip;to close his lips. In the ship
naar huis, waar hij de deur vergrendelde;home, where he bolted the door
wortel noch ei,;neither root nor egg,
en is de wereld veranderd;and the world has changed
Bellevue, Beauregard, Vauvenargues.;Bellevue, Beauregard, Vauvenargues.
ik wenste tevergeefs dat ze alleen hardnekkig op ons;– I wished in vain – only looked like
in de lade: kruimels, paperclips;in the drawer: crumbs paperclips
van moeder een mandje met lappen dat droomde;for mother a basket of rags that was dreaming
waarderen we het licht, kopen we nooit;we appreciate the light, we never buy
weet dit wel kan dit door haar wil wel begrijpen;knows this and can grasp this with her will
Van mij, ach jij, mijn kettingrokende schaduw;Of me, oh you, my chain-smoking shadow
gelijkt een zwarte plant;is like a black plant
volgens mij is dat een paard.;I think it’s a horse.
Minnaar en Beminnen zijn onafscheidelijk;Lover and Loving are inseparable
en ik sta naakt;and here I stand naked
zoals hij in zijn Opel reed: beheerst,;the way he drove his Opel: quite composed,
en gij, o boom, en gras, en wal,;and you, oh tree, and grass, and down,
niets zit meer in de tas om mee te dreigen.;in our bags with which to make a fist.
rug. Hij gromt. Zijn poten dreunen op je pad.;back. He growls. His paws pound your path.
zullen zullen, maar met speels gemak zullen we meer;are going to, but with playful ease we are going to
in de put, zo stil en aangedaan,;Of dumps so dull and heavy.
regen viel buiten overal;rain was falling everywhere outside
Zetten ons ellendige leven verder.;Got on with our miserable life.
trop tard et trop tôt,;too late and too soon,
hoe minne neerslaat;– love’s warmth he knows,
naar zwaaide toen je kleiner was.;waved at when you were little.
omdat ik de liefde verzwijg, zal zij grotere bloesems dragen,;because I do not speak of love, you will bear greater blossoms,
de eerste doagen genain t liek aan te roaken.;no one dared touch the corpse for the first few days.
met zijn springvloed van licht,;with its spring-tide of light,
aan tafel hier: zo vol en glanzend, lila;sits at the table here: so whole and shiny, lilac
in dat grijze gras onder die grijs bloeiende boom;in that grey grass under that grey blossoming tree
mariokart en marx;on mario kart and marx
die dag in het Noordstation;that day in the Gare du Nord
Als ik niet meer uit mijn woorden kom;When I can escape my words no longer
Of je ‘samen’ sparen kan. Of je door veel intens met twee te doen;Can you save ‘together’? Can you by doing much intensely as a couple
Met zwarte kersen zag ze mij.;With black cherries she saw me.
opgehaald uit wateren van aanvang;hauled it would seem from primordial
Het zoeken moet met je mee, daar waar;The seeking has to go with you, there where
De oude meester snurkt naast me;The old master snores next to me
in je gezicht achterbleven als ik je verliet;alone when I left you
Die mijn ondergang beramen.;Who plot my downfall.
versnellingsbak hijgt;transmission box hiss
Met je vuist maaien in de lucht Ik ben blij dat ik sentimenteel ben;Fist pumping in the air I’m glad I’m sentimental
Hij verfrommelt een tas waar een paradijs;He balls up the shade-barred Eden printed
Over de rechten van het licht;Concerning rights of lights
Als stompe huizen gelicht geraamd,;Like blunted houses with lighted panes,
de afspraken spoelden over de wereld;agreements soon covered the world
is voor ons hart, wil de dichter zijn verzen;heart’s content, that we might mumble
Staand op een rots;From a mountaintop
met inzet van al mijn beperkte middelen,;with the deployment of all my limited resources,
vruchten een ongestutte tak bevrachten;of fruit upon a branch, as if possessed
il hurlait parce que le sommeil le quittait;he yelled because sleep had deserted him
Onder de as smeulde, nog zwak, een besef.;Beneath the ash, the issue smoldered, unsaid.
en rond mijn enkels hebben;and around my ankles
zal ik duidelijker tekenen uw ogen,;I will draw in your eyes more clearly,
werkte hij als een monotoon brein.;it worked as a monotonous brain.
oorzaak, bewogen hebbend in het vriezend oog.;having moved in the freezing eyeball. Even though
Die ogen en die kleine kin, die jukbeenderen!;Those eyes and that small chin, those cheekbones!
zoekt, dat ik soms zo slis dat niemand me wil verstaan, alsof ik in de;of a body or that I sometimes lisp so badly no one wants to understand me, it’s as if
waarom ik mij herhaal;why I repeat myself
achter groen langs het pad, je haar;hiding behind the plants by the path, your hair
we sloegen een jas over een jas in de cascotempel;we put a coat on top of a coat in the temple shell
en de derde loog welles;and the third lied we do
in zijn arm;ignore the stiffness
staan twee bedden tussen een muur;two beds stand between a wall
Ik verlaat u over een uitgedroogde gracht;I leave you across a ditch run dry
Ik lees leven na leven;I read life after life
langs de laagwei;by low meadows
Myn alve krobben al widzjend al te sjongen stean:;My dreams my eleven little darlings dance and sing:
zacht jammerend uit –;softly whimpering –
ons in een wereld van afspraken in;us in a world of agreements
zijn niet de dingen die ik heb gedaan,;are not the things that I have done,
dat ik net zo lief dood ben als leef;I would as gladly be dead as living
begonnen te lekken. Bang verlangde ik;began to leak. Afraid, I longed
met hun knoestige stammen en wijde kruinen;were an invitation to take a walk
“Over liefde . . . ? Belachelijk . . . !”;“About love . . . ? Ridiculous . . . !”
trouw aan zijn filosofische meetlat,;true to his philosophical measuring rule,
de hommel schroeft zich een weg door het hout;the bumblebee corkscrews its way through the wood
alsof zij slechts uit overschot bestaan:;As if they just consist of remnants:
opent om wat het verloor;a celebration of loss
streelde het struikgewas,;he stroked the shrubs,
Zijn gebaar gold mij,;His gestures were for me,
op ons in, brengen het lichaam;us, make a body map.
slapend onder een blauwe mantel in een koude nacht.;sleeping beneath a blue mantle in a cold night.
Waar is splitsing die ik over moet?;Where is the crossroads I have to pass?
diep dieper aap;deep deeper ape
Je kan bijna zijn vleugels horen (flappen);you may almost hear the beating of his wings.
zij verstuiven als ochtendas in de kachel,;they go up in dust like ash in a stove in the morning,
à fendre l’océan sans perdre aucun moment;without diminishing its motion
alles wacht op de man;everything’s waiting for the man
In september schrobt haar dochter het graf al komt er nooit;In September her daughter scrubs the grave though no one
in menig plattelandshuwelijk;in many a country marriage
vloeien wij slapend naar beneden,;we flow down asleep on our way,
Stopnaalds moeder moest ooit bevallen, een lijvig verhaal.;Darning Needle’s mother had to give birth one day, a hefty story.
Lústerje: ‘Theo’ (mei libbenslange;“Theo” (with a lifelong “O” at the end)
Ter aankondiging van het licht;To announce the coming of light
zeker, het is mij verteld en verteld;oh yes, I’ve been told it, told it
Verwijdert uit onszelf zodat wij tot de rand;Removes us from ourselves so that we
Ik zag hoe hij in een maand tijd;I saw how he had lost his whole department
(een doel) het te prikken aan de wand als een ring;(an end) of sticking it to the wall like a ring
weer open voor de zoute roes van de bloedgroep, de homerun,;reopened for the sweet high of the blood group, the home run,
We waren peilloos moe nadien;After, we were tired beyond compare
Donker, nacht;Dark, night
zelfs de lezer die ergens in mijn hoofd meeleest;even the reader somewhere in my head
ze zijn ondood en hongerig maar uiteindelijk;they are undead and hungry but ultimately
en groeit bewonderde. Je bent niet weg, integendeel,;seethes and breathes. You haven’t gone, quite the reverse,
en un joli nœud marin, aux doigts qui ont soupesé;in a neat sailor’s knot, to the fingers that have weighed
Ik had geen idee wat er speelde, trouwens iedereen die ik;I had no idea what was going on, anyway everyone
honger ontzegt een woord dat niets betekent;hunger denies a word that means nothing
Als de rug van een bultenaar.;Like the back of a hunchback
Hoe het gat tussen zijn ogen;How the hole between his eyes
tot fundering, tot stof, tot snel verdoffend geheugen.;to foundation, to dust, to memories rapidly tarnished.
en misschien nog steeds niet is gewist –;and might not yet be erased –
schaduw licht. De omheining rond zijn kraag;shadows lightly. The palings round his collar
En ik sta in een grasveld en leer voor het eerst;And I stand in the grass and learn for the first time
de punt slipet dy.;the point sharpens you.
het stelde en het rechtte zijne oorkes flink,;heezed up its lugs wi a braw flingie
Laat Scriabin slissend;Let Scriabin ejaculate
Eskaders gedichten zijn op zoek naar hun dichters.;Squadrons of poems are searching for their poets.
de jouwe is ginds van mij;out there your wife is mine
Hij zat daar breeduit en hij stond op;He sat there sprawling and he made
in stuifmeel, melk van rozen, maden;as pollen, milk of roses, worms
Ga niet, maak van je huis een thuis,;Daddy don't leave, make home home,
de knokkels van die kleine gebogen rug die soms bijna voorover zakt en;the knuckles of that small bent spine which almost sags headfirst and
Rok om foar de iepensteande doar fan;The open door of the last sad-eyed house
Lieg niet tegen me over sterven;Don’t lie to me about dying
Het bloeit pas in december, als de bloesems uit de hemel komen,;It only blooms in December, when blossoms come from heaven,
beide ogen sloot.;closed both eyes.
Met een ceremoniële dictator;With a ceremonial dictator
als een kat niet wil, komen of gaan,;if the cat doesn’t want to come or go,
voor het eten;for the food
en de E 17 was de lucht een witte vliegtuiglijn.;and the E 17 was the air a white aircraft line.
en vragen wat nu;and ask what next
Zie je de schoorsteenpijpen op de daken, 's nachts?;Can you see the chimney-pots on the roofs, at night?
De dood is wit;Death is white
Zou ik het van de bergen kunnen zien;Could I see it from the mountains
‘Niets zijn de sterren, niets is de maan;‘Nought are the stars, nought is the moon
onvertaalbaar zijn deze dagen;untranslatable are these days
Zonder jou Onze waarnemingen beperkt;Without you Our perceptions limited
aan u overhandig. O schoon, gemoedelijk leven,;a rotten rose. Oh beautiful, pleasant life,
Hoe alles wat ik nog te zeggen had;How everything I still had left to say
‘Als ik niet uit weven ga, dan zwaait er wat!’;‘If I don’t go out weaving, there’ll be crow to eat.’
het geritsel, maar het geritsel;the rustling, but the rustling
of ik opnieuw een vreemde ben;if I’m a stranger once again
wel naar links gaat... Verdomme, waar blíjf ik? De vrouw in het late zonlicht toch?;actually go left… Damn it, where am I? The woman in late sunlight then?
Kin se net beroppe;To hear the child call.
niet in enige afgebakende ruimte,;not in any demarcated space,
0 klaveraas flapdrol;Oh ace of clubs arsewipe
Ik ben de dochter der elementen;I am the daughter of the elements
nu in een roes mijn prof;now in a daze my prof
wanneer gij op en neder gaat:;Whenever thou dost rise or bend:
achter heur teunbaank;could suddenly, just like that,
een dak, geschaard tegen vergissingen,;a roof, shored up against confusion,
een papegaai zonder pluimen,;a parrot without feathers,
Aangezien ik misschien niet meer op die plaats zal komen;As I may not be there again, in that place
eh...;err . . .
van de spijt waar je verliefd op werd.;the regret you fell in love with.
met hier en daar;with here and there
blauwdooraderd, waarna zij met schouders;blue-veined, after which with shoulders
verzamelen zich fladderend, krabbelend en vol;gather fluttering, scratching, and with great
niet hier op het voorgeschreven gras, op;don’t scatter me here on the prescribed
gaat over samenwonen voor het eerst.;is about living together for the first time.
De man in het pak spreidt de armen,;The man in the suit spreads his arms,
Niet sentimenteel over haar wonden;Not sentimental about her wounds
wordt het stil in dit huis.;things get quiet in this house.
je zei nooit wat, hij zegt het, en jij kijkt mij aan.;you never said anything, he says it, &amp you look at me.
in die man, die vrouw, dat kind;in that man, that woman, that child
resten van beschaving. En hoe vaker je terug-;remains of civilisation. And the more you turn
en de aard wegkwijnt;and the earth fades and pines
niet voor het sterven maar dat hij stierf;not for his passing but his dying
zo wacht men steeds op iets en of er iemand komt.;thus one always waits for something, to see if someone comes.
Pas als we tussen nieuwe muren;It’s not until we arrange our bed
dat zijn kop op een kist heeft gelegd,;that’s placed his head on a crate,
in het bevriezend water,;in the freezing water,
het gewicht van een tas;the weight of a bag
Er werd steeds meer zichtbaar van je gestalte.;Your shape became more and more visible.
de hemel grauw of blauw en bonte wolken: ziedaar de wereld;the sky grey or blue and multicoloured clouds: such is the world
voor ze zijn ontstaan.;before they were made.
Als het koud is, zien we spoken.;If it is cold, we see ghosts.
en als Athena terugkeert;and when Athena returns
honingmond sluit haar ogen;honey-mouth closes her eyes
Een storm onder zijn zwarte mantel op.;Like some great bellows regularly fed.
En het verleden aan vele vrome vrouwen.;And the past from many pious women.
We hebben geschud met de klokken.;We have shaken the bells.
wachtend om te stollen;waiting to congeal
oog en bidden om ellende;eyes and pray that misery
Muziek, geplas van riemen.;Music, the splash of oars.
ach, hoe ik met al wat ik ben al wat zij is toelachte!;I smiled on all it had in store.
het groener het duister;the greener the twilight
Als ’t zeker was in elk een brief te krijgen.;If I could be sure of a letter in each.
Penselen zwijgen in een hete stilte,;Brushes keep still in a hot silence,
verharden ’s nachts tot omslagen voor;harden in the night into envelopes for
Is foar ús nest in tek en sier!;And decorate our nest anew.
we opgekruld sliepen met de rug naar elkaar, tijmwolken waarin;we slept curled with our backs to each other, clouds of thyme in which
brokkelden verder in de oceaan.;crumbled more into the sea.
Achteraf jammer, regel met rebus. De droom die zich bijna, ja!;In hindsight a pity, phrase with rebus. The dream that almost, now
mijn moeder nam me mee;my mother took me
Er is een doos voor dingen die ze door;There is a box for things she wants to pass
toen je ze naar voren schreeuwde,;when you yelled them forward,
door ontvangst van teruggave uit winst;by receipt of repayment of dividend
dan dit, in welks zomen het hart –;than this, on whose fringes the heart –
Haar pony treurt en danst op de donder. Verzilverd groen.;Her pony mourns and dances to the thunder. Silverplate green.
en ’s avonds weer terug naar huis. Op zon-;and returns in the evening. On Sunday
erin: de floxen die geen rozen zijn,;fails to tumble in: the phlox that are no roses,
een handeling die je niet handenvrij –;no hands-free unhoisting
maar wanneer ik het onderga dan vind ik geen woorden.;when I experience it I am speechless
tot in het schilderij.;into the painting.
terwijl ik luid de eerste regels van het volkslied zong.;as I roared the first lines of the national anthem.
tot men de hand lost en weer aan krachten went;till one lets go of the hand and gets used to forces again
zie je ongeveer wat het;you can roughly see
Ik ben de dwerg van gemiddelde lengte.;I am the dwarf of average height.
Ga nu en wankel naar haar;Go now and stagger to her
van rijp, beduimeling;away the frost, thumbing through
Het is nu vijf onmetelijke jaren geleden.;It is now five interminable years ago.
Stil stie sy, wylst har fersonken eagen syn drinken;She stood still, her sunken eyes seeing him drinking in
liepen beneden.;my footsteps went.
als een vrouw zonder mond.);Like a woman without a mouth.)
vertegenwoordigt in je aankopen koop je een;the state in your purchases you buy a
les gens en entrant dans le tram se précipitent;the people rush onto the tram when it comes at last
wetenschap we lachen er wel om;science laugh it off
maar nergens ben ik veilig, mijn geweten is iets lichts;but am safe nowhere, my conscience has become something
Je voeten hebben mijn druiven geplet, je handen;Your feet have squashed my grapes, your hands
een mededeling, je bericht ontfermde;being a statement, your message had
myn potlead stammet ôf fan in sike beam.;my pencil comes from a sick tree.
ik pas deze jas;this jacket fits me
gij wist waarom dit en dat,;that I ever asked of you,
Ik ben duizend waaiende winden.;I am a thousand winds that blow.
Uit de serie ‘Stof ter ontraadseling’;From the series ‘Matter for Deciphering’
ik ben hier. De slaap is het geruisloos tikken van een klok,;I’m here. Sleep is the silent ticking of a clock,
En mei wite wjok slacht;A white-winged gust of wind
de lucht was grijs,;the sky was grey
(de man die altijd chocola meebracht;(the man who always brought her chocolate
gaat lavende tot waar mijn liefste wacht.;comes and revives my poor languishing dear.
Tastend naar de natte binnenkanten;Groping for the wet innards
ooit zullen wij melk en honing geven;that one day we will give milk and honey
hebben niet vergolden dat ik toen,;have not offset the fact that I then,
berustend schateren.;roar and resign.
kringen in de vijver van de stilte.;makes circles in the pool of silence.
waaraan ik ben ontsprongen!;that gave rise to me!
Om met liedjes zijn honger te stillen, zeg;Appeasing hunger with ditties, tell him
wanneer je de vallen uitzet;as you set out the traps
We deden alles in omgekeerde volgorde:;We did everything in reverse order:
te sjitten op in man dy’t lûkt;to fire at a man who clutches
over straat in de stad;through the streets in the city
Danse danse thuiskankan;Dance all dance the home cancan
Maar wij blijven ze horen, de stinkende;But still we hear them, the stinking
Op zijn haar nevel die afhangt, helersmoe.;In his hair mist droops, healer’s-fatigued.
bewakers worden gladiolenboeren,;security guards become gladiolus growers,
Gekerfde botten, beschilderde scherven;Carved bones, painted shards
les gens fument les gens absorbent du café;the people smoke the people drink something distilled
een spoor van pastilles leidde ons naar een emmer met resten gips.;a trail of cough sweets led us to a bucket containing remnants of plaster of paris.
op de mûle;over its mouth
Je wilt vast aan me denken;And if thou wilt, remember,
iets dat je voelt of iets dat je;something you feel or something you’d
Het staat geschreven in onze harten, geschreven in de sterren,;It's written in our hearts, it's written in the stars,
Neem dit vlees;Take this flesh
kabbelt er kalm de krullen uit,;calmly purls the curls out,
ons geloof in het beloofde land,;Not the rights, the history,
verdraag mijn wurggreep, verdraag;suffer my stranglehold, suffer
wie heeft een naam te baren moet kuku;who has a name to bear must cue-cue
Maan komt voor zon;Moon before sun
lakens. Je zet de deur open en wacht.;sheets. You push the door open and wait.
onder niet meer dan de last van zijn eigen letters;collapse under nothing more than the weight
Het is gebruikelijk om ’s avonds achterover;It is customary to lean back in the evening
Vergeet ik de raadsels, de klagende namen die ik haar gaf.;I forget the riddles, the plaintive names I gave her.
oogsten lucht en insecten;harvesting air and insects
zijn zwellen en weer haastig slinken,;its swelling and its hasty shrinking,
het hele bos keek mee. Ik schrok niet eens,;wood also looked. I was not even scared,
hield zich stil. Het danste en bruiste;held its tongue. A dancing foaming
kamergroen naar boven;indoor greenery upstairs
en zich tijdelijk weer terugtrekt;and temporarily receded
In deze vernuftig voorprogrammeerde seance;In this cleverly contrived pre-programmed séance
Wat zou gebeuren was er altijd al, volmaakt;What was going to happen was already here,
en het leven is zo genadeloos;and life is so merciless
Tijd – het is vreemd, het is vreemd mooi ook;Time – it is strange – it is strangely beautiful too
Gij draagt een schoone vlechte haar;You wear your hair in a fine plait
bedoeïenen in de woestijn;the desert like bedouins
Zoals wij eigenaar zijn van de woorden;Just the way we own the words
om door te spelen niet op te geven,;of playing through not letting up,
het donker versprak zich begon te vertellen;the dark stumbled on words and began on a story
de stralende horizon.;the shining horizon.
gebloemde gordijnen of kleine;floral curtains or small porcelain
waar zij het contact wil je kunt de getallen;she wants to be in touch you’ll guess
Vandaag? Wiens hoofd zou dat moeten zijn?;Today? Whose head would that be?
Ik weet dat wat roerloos weerloos is.;I know that what is directionless is defenceless.
komt nog wat adem, het oneetbaar zilver;some breath still comes, the inedible silver
De wagen rolt de garage uit.;The car rolls out of the garage.
De poorten zijn afgebroken.;The gates have been torn down.
ik roep dat hij zeven en half gaat per uur;I call out that his speed is seven and a half knots per hour
tante viel opnieuw, werd overeind getrokken;your aunt fell again, pulled up again
mijn beide handen mijn verhit gezicht je brengt het zoete water boven;both of my hands my flushed face you bring up the fresh water
van gesmolten dieren;with molten creatures
totdat het niet meer jeukt;until the itch has gone
in jouw hand en jij knijpt in de hare als je mij voelt;your hand and you squeeze hers then when you feel me
als wij onszelf alleen in het nu kunnen bewaren;if we can only preserve ourselves in the now
Ergens moet ze me nog horen, denkt zij.;Somewhere she can hear me still, she thinks.
Tussen wijsvinger en ringvinger zweer ik het.’;Between index and ring finger I swear.’
at ik moarns wekker waard en it seach.;when I woke in the morning and saw it.
Bloed stroomt over de vloer door de gang de trap af;Blood flows across the floor through the corridor down the stairs
had ik licht opgevat;I caught my death of light
of het geruis van de schepping omhelzen;or embrace the murmur of creation
Fannacht yn in dream;Last night in a dream
Leg me neer. Knip mijn tijd uit,;Lay me down. Cut out my time,
naar rots – hoewel ze uitgestorven zijn;after night – even though they are extinct
van bezetenheid.;as though possessed.
De jaren afgewandeld want haar naam wijst me de weg;Make it down the years, since her name shows me the way
een blauwer wordend licht hing;a light growing bluer hung
waar alles op afketst;which repels everything
Ik luister naar mijn lichaam;I listen to my body
par-dessus des gouffres encore;even now above the chasms
scherven waarin de afdrukken van duimen;shards marked with the prints of thumbs,
daar. En verder, geliefde,;there. And what is more, beloved,
onaandoenlijk, maar zonder;impassive, but without
toestand met tijdstip, jaartal zonder jaar -;rhyme only with moment and season not with sea
dat zij tijdens het vrijen de inwendige kleuren;that while making love she’ll reach
Dat sommige mensen gaan lijken op hun huisdier;That some people begin to resemble their pets
Waarom, lichaam, heb ik jou nooit geprezen?;Why, body, did I never extol you?
Door de stem der Natuur;By the voice of Nature
dan een vage benadering van wat wij willen zijn.;than a vague approximation of what we want to be.
dat je niet kent en ook nu;that you don’t know and even now
blik kan laten glijden met evenveel uitdrukkingsfracties. Vraag tot slot;into someone’s eyes with just as many fractions of expression. Ask finally
De sterren hebben het vanavond voor het zeggen;It’s up to the stars tonight
De ogen die wachten staan vochtig,;The waiting eyes look moist,
De hut van de eerste? Kast in een muur;The first one’s hut? Cupboard in a wall
stok. Enkele meters verderop twee hoge;stick. A few yards away, two tall trees
te wachten staat op dag. Uit aarde komt nevel,;stands waiting for dawn. Earth generates mist
Waarom zou de hand verlangen naar een vaas;Why would the hand long for a vase,
Vol zoetheid, is ’t een wierookvat,;or sweet delight, a vessel
and movable (the bridge);and movable (the bridge)
hijgend ons lieve moeke die rechts averechts;heavily our blessèd mummy who purl and plain
wanneer hoe gauw hoe laat;when or how soon what time
een schaar en ik werd een soldaat maar;scissors and I became a soldier but
Rust uit en begin opnieuw.;Take a rest and begin again.
kinderen kracht te geven niet de geliefde in zichzelf, maar in de ander te vinden:;children the strength to find love not within themselves, but to find it in another:
of te dichtbij. Je onbereikbaarheid;or too near. Your inapproachability
het automobiel wrikt zijn wiel;the automobile strains its wheel
wijst berispend naar een wesp;reprimands a wasp one finger in the air
rood geworden van de ijver in mij en mijn handen zijn rood als mijn;turned red from all my fervour and my hands are red like my
Nee lieg ik. Ik ben alleen. Ik tel hoeveel;No I lie. I’m on my own. I count how many
maar moest met zijn vuist zwaaien;but had to wave his fists
Omdat een droom mij aankeek ben ik er vandaag.;Because a dream beheld at me I am here today.
Het buiten weerspiegelen om het spiegelbeeld;Reflecting outside to make the reflection
Rémi zegt: ‘Kleed je aan en geef een compliment aan mijn vrouw.;Rémi says, ‘Get dressed and make my wife a compliment.
‘Avanti. Van lava tot spumanti.;‘Avanti. From lava to spumanti.
Dankzij het drietal zonder wie niets gaat;Thanks to the threesome craved for such a feat,
Het vruchtwater drijft vol plastic. Wetenschappers;The amniotic fluid is full of plastic. Scientists
Het regende zon;It was raining sunlight
alleen dit jij;alone this ye
la semence du jour était jetée;the seed of the day was scattered
Het echte gesprek van de dag is niet wat je je voorstelt.;The real news of the day is not what you imagine.
zij van alle seizoenen maar vooral van de winter;she of all seasons but above all of winter
of stil in een schrift alle tongen noteren.;or silently write each tongue in a notebook.
Wie wast hun hemelsblauwe overalls?;Who will wash their sky-blue overalls?
Waarheen gaat de Nederlander?;Where is the Dutchman going?
met trotse koppigheid die paarden dampen doet,;with stubborn pride that makes the horses steam,
een schelpje in de zanderige;a little shell in the sandy
witheid van kantoorgebouwen.;whiteness of office buildings.
is bonter en voller dan die van de windstille;is more vivid and full than that of the windless
uit een soort bravoure. Terwijl hij altijd ontzettend zorgvuldig;a kind of bravura. Though he was always terribly
een wal van zuur water. Hier was het,;a wall of caustic water. Here's where it was,
Het hoofd dat ze hebben verloren.;The head that they have lost.
een man zonder schoenen;a man without shoes
een dolgedraaide hamer;a maddened hammer
op leggen.;something on top.
De reis vertelde een man liep over de berg;The journey narrated a man walked over the mountain
danst de tent die zijn hemelse vader hem spande.;dances the tent his heavenly father spanned him.
van groene blâren,;of many colours on
Waar is de spion?;Where is the spy?
die zich rond mijn hals stropt. Met de bloedmolen als enige;that has knotted round my neck. With the blood mill as
Ook wordt hen bij de ingang;Also, at the entrance
Je tong likt langs je droge lippen;Your tongue licks your dry lips
met een dubbelloopsgeweer, een rookkast vol hout.;with a double-barreled shotgun, a smoke house full of wood.
noemt zichzelf defensie;it’s called defence
wij sporen bijster raakten, muren;we lost tracks, walls
De dood is schijn;Death is shine
puurder dan dit, geen geluk;more pure, no happiness
posthuum zal zetten op papier.;posthumously onto paper.
nauwelijks en nergens.;scarcely and nowhere.
maar ik ben banger dat het geen zwerm is;but my fear that it isn’t a flock at all
als hij loopt over straat;as he walks through the streets
Ik leef deze laatste dagen gebogen, voor dat alles,;These last days I live bent over, before all that,
In het café 2;just as you shouldn’t touch
Om van een verre reis;Hastening from far journey
Door de dood gescheiden zijn,;Parted by death,
Dan eindigt alles nog in wonderdromen;To end in wondrous visions and dreams
Het roffelen van het ritme &amp het dak;The drumroll of the rhythm &amp the roof
Gelezen worden ze ontelbre malen,;They’re read and read repeatedly,
gemakkelijk van haar schouders;easily from her shoulders
retrobehang, voor herbeginnen,;wallpaper hanging, rehashing
dat zei, terwijl ook het laatste woord nacht;that said, as even the last word night had been
Van wie de dwaze reis;Of those who crazily
In ’t leven was geen dag;Each day my life was crossed
en de straat ligt geplaveid met echtgenotes.’;and the street will lie paved with spouses.”
en waren we draagbaar geweest (handvat aan de bovenkant) vraag dan;and if we’d been portable (handle at the top) imagine
schrammen op te lopen van ruwe eikenschors;getting grazed by the rough bark of oaks
op eenzaam deze groote sterre, die ze bijt. </pre>;on naught but this great star, which scorches them. </pre>
aanraakt om je gezicht;every hair framing your face
voor een nacht in dienst van de dag;for a night that serves the day
Radeloos van ongeleid verlangen;About four times a week and
Het zwarte watervlak. En daar zie ik;The water’s blackish gleam. And there I spot
Je stapelt de borden, verwijdert de kruimels en schenkt nog wat wijn.;You pile up the plates, brush the crumbs off an fill up my glass.
de gebarsten wegen met sintels bestrooien.;keep the dead birds at a distance
vullende proporties doorzichtig zijn ze opgestegen.;enough to fill the sky they rose transparently.
En 't goed dat kwaad tot strenge meester heeft.;And captive good attending captain ill:
langs struik en schaap. het einde van neutrale kunst.;past bush and sheep. the end of neutral art.
te kijken;to look as if
in het alsmaar bewegende water.;in the ever-moving water.
Zou het tot een plek van vreselijke wanhoop maken. Ik zou niet kunnen rusten als ik de tred hoorde;Would make it a place of fearful gloom.   I could not rest if I heard the tread
voor jongens, jouw gedachte.;for boys, you thought.
Je wordt weer beter. Het zal slijten.;You will heal. This will fade.
al die woede, dat is energie, dat wist je niet;all that anger, it is energy, that you didn’t know
iemand die leest en jong is,;someone who reads and is young,
Tussen portretten van keizers;Between portraits of emperors
en tot in onze stille kamers dringt;and the pidgin of another new age
een eend die over het meer gleed en aan ’t water nipte;a duck that slid across the lake and sipped at the water
— wanneer de boten van hun zinnen sloegen;— when the boats of their senses' beat
Als er vijgenbrandewijn is, drinken we die,;If there’s any fig brandy around, we drink it,
Dikke tantes kanne hoeste;Chubby aunts canna cough tool
ogen twee jaar jong. ‘Hij stond bij onze heg.’;eyes two years young. ‘He was by our hedge, you understand.’
jij niet. Zo huil ik en ik huil om ons. Ik ben Lilith.”;So I cry, I cry for us. I’m Lilith.”
— gij hoort plots het zijpelen;— you suddenly hear water
huidvlekje gegoogeld, laatst nog;been googling every freckle. Just recently
Je telt de planken van de vloer;You count the boards of the floor
niets van doen met de staat van je gebit.;have nothing to do with the state of your teeth.
abrikoos van haar oor aan je mond.;the apricot of her ear at your mouth.
onder de terreur van eigen hebzucht;the terror of their own tremendous greed
slingers op tocht hangen dansend onze;in draught hang dancing our hero
Leefde eens een schemerlamp;There once lived a floor lamp
en wassen je haar;and wash your hair
Dat hij trots was op zijn pleegdochter die bevallen was;That he was proud of his nursing daughter who had given birth
soldaten plaatsen tussen mijn en dijn,;first, we will make your field our own,
er brandt al licht boven de struiken.;light is already gleaming above the bushes.
Zijn hand nog warm van slaap.;His hand still warm from sleep.
de bussen raakten ontregeld door het levendaal;the buses were off schedule by levendaal
Vrouw zingt goedkope liedjes en citeert dure filosofen;Woman sings naff songs and quotes posh philosophers
In een goedkoop hotel, waar de muren met je meebewegen;In a cheap hotel where the walls move along with you
onderwerping aan jezelf.;is submission to oneself.
alle overpeinzingen moet uitrekken. De schrijver in je maakt de mens ziek, alles wat;which must each day stretch out every reflection. The writer in you makes people sick, everything
houdt de hand op de knip;keep a hand on the purse strings
Nu nie manke, nu nie janke;Don’t you limp now, don’t be wimps now
Het is wat er gebeurt in een ander land, in een grote droogte;It is something that happens in another country, in a big drought
Hand in hand, aan de getijdenrand van het geheugen;Hand in hand, on the tide’s edge of memory
De dichter is onzichtbaar.;The poet is invisible.
met beide handen pakken en het in één beweging;the tablecloth with both hands and whipping it out
als een rat in de val, snak naar het riool;like a rat in a trap, yearn for the cesspool
treinen zouden niet meer rijden;the trains no longer ran
Wij scheppen problemen om ons te verlossen;We create problems to deliver ourselves
als vergezichten de grootste superlatieven.;are as distant vistas to me.
Kijk, het heeft gewaaid;Look how windy it’s been
waarop ik in hem nog een uitstekende gids zag.;when I still saw in him the most perfect guide.
men moet de zonen nog moed inspreken, de dochters;one still has to give the sons a pep talk, measure the daughters
traagte en naar;slowness and of
Vooraleer alles met alles wordt verenigd,;Before a harmony is found
je handdruk op een halve maandag,;your handshake on a half-moon holiday
Wakker, als een wekkerspel,;Ever awake, like a ticking clock,
in het begin;to begin with
Niets dat woorden uit haar vingers wringt.;Nothing that wrings words from her fingers.
De dood is sterf;Death is cease
bij het fornuis. Een korte, met de hand;at the stove. A short, hand-sewn
Hij voert mij zalm alsof het vis is, breekt de;He feeds me salmon as if it’s fish, breaks the
hou van u hou van u;love you love you
in de lange schaduw;in the long shadow
Dement. Ze kakelde weer.;Quite senile. She cackled away.
en dat het telkens andere auto’s zijn;and are all different cars
tot warmtekleur op het gestreken linnen –;and on pressed linen tablecloths appear –
En vergrijzend als lavendel in november;And greying like lavender in November
van de maan na de regen en ik lik weer haar tenen,;of the moon after rain and lick once more her toes,
beneame kin. Beide witte wy dat;name. We both know that I am
geen vluchteling raakt erover.;no refugee gets around her.
heilige pest der geschiedenis,;sacred plague of history,
We zetten stenen, roerden mortel;We laid bricks, mixed mortar
Welkom in Grout, vagebond.;Welcome to Grout, vagabond
gehore, verzoen mij niet met de nacht,;song, don’t reconcile me to the night,
Nu nog, zij meer dan het water in haar wonderlijk lijf;Still now, she more than the water in her curious body
Toen ieder ogenblik onbewogen, de beweging werd;When each moment unmoved, became the movement
vier mannen in oranje overalls;four men in orange overalls
maar bijvoorbeeld in een armte;into a kind of freeze
O fatale aantrekkingskracht. Zou Melvin haar;O fatal laws of attraction. Would Melvin have
Laat het bad vollopen en;Fill up the bath and
“Ga niet weg,” fluisterde ik;“Don't leave,” I whispered
Toen we van John’s begrafenis thuiskwamen;When we returned home after John’s funeral
Geen heilige berg is mij onbekend,;No sacred mountain is unknown to me.
Alleen een briesje vervliegt;Only a breeze will sigh,
midden in de stad.;in the middle of the city.
En dat bruin is ook mooi.;And that brown is nice, too.
‘Ja, een heleboel,’ sprak de enige;‘Yes, plenty,’ spoke the only one
Huizen hebben ramen (vensters) en;Houses have windows (in frames) and
Herne fan it grimmitich noarden rint,;In the grim north walks a woman, so floored
een langgesponnen zonnedraad.;a fan of sunny summer rays.
Liep naar een spiegel;Walked towards the mirror
dat it tsjuster wie, beskamsum. Ik draafde;that it was dark, shameful. I ran to the dank
eerder dan ze te delen;rather than share it
we vlogen lopend, karren in onze knuisten,;we flew as we went, carts to our knuckles,
staat de schimmel een centimeter op de melk.;the mould on the milk is half an inch thick.
dat de wereld dan niet langer bestaat;for the world to end and though
aan de stang van zijn fiets. Elke ochtend;to the crossbar of his bike. Every morning
Het is altijd veel duurder dan je denkt,;It is always more expensive than you think,
veel te doen? Kijk;this afternoon? Look
detail – hij ziet de nummers op de verste tram.;More precise. Deeper. The most in the finest
van de ahorn is afgevallen;of a maple has fallen off
De herinneringen aan ons;The memories of us
raakt aan een stuk de grond.;touches the ground in one piece.
geef mij warmte en wifi;give me warmth and Wi-Fi
van al dat onverdroten, onverschillig slaan en zalven.;from all that unremitting, indifferent firmness and kindness.
schuift over schilferende muren,;over flaking walls slides,
mag denken. Is het uw dochter? Ik hou van haar.;hands and thighs. Is it your daughter? I love her.
we zagen het licht achter de populieren waar onze moeders bungelden;we saw the light from beyond the poplars where our mothers dangled
Hij was waar ik te drijven kom;He was where I’d drift,
Heeft het veren zoals een Vogel?;Has it feathers like a Bird?
“Nee, waar het echt is.” Waarom dan negen jaar als een gedicht, Lilith?;“No, where it’s real.” Why nine years as a poem then, Lilith?
Kom er niet aan.;Don’t touch it.
Ze is te kuis voor woorden in haar lijst;She’s held safe in her frame, too chaste
de meisjes het laatst, hun plichtsbesef;the girls last, their obligations
en liggen op grond is voldoende;and lie on ground is sufficient
van nuttigen is daar. Ongewis moment:;has come for consumption. Uncertain moment:
in mijn boezem, hij wandelt me in de war.;in my breast, it leads me to confusion.
Poëzie doet niet veel, maar vergeleken met wat? Poëzie laat de doden niet opstaan, weer gaan liggen,;Poetry does not do much, but compared to what? Poetry does not make the dead rise, lie down again,
Hie it hoeden west, miskien hie it net;If only we hadn’t rushed headlong into things,
langzaam naar een eindeloze staar;slowly rolling into an endless stare
als een hartslag;like a heartbeat
zo leerden wij van onze hypermobiliteit;so we learned of our hypermobility
was er in het begin al iets.;there was something already in the beginning.
Te lang om te vergeten;Too long to forget
van de dag. Dan weer van begin af aan.;of the day. Then start again from the beginning.
zonsopgang roerloos in je rug boven het verre;sunrise motionless at your back above the distant
